all, datasets\packet_features\normal.csv, 1056230 
processed, datasets\packet_features\normal.csv, 1056230 
Start, 633738, End, 739360 
slice, datasets\packet_features\normal.csv, 105622 
all, datasets\packet_features\scan_A.csv, 40624 
processed, datasets\packet_features\scan_A.csv, 40624 
slice, datasets\packet_features\scan_A.csv, 40624 
all, datasets\packet_features\scan_sU.csv, 22436 
processed, datasets\packet_features\scan_sU.csv, 22436 
slice, datasets\packet_features\scan_sU.csv, 22436 
datasets\packet_features\sparta.csv, 1000000 
datasets\packet_features\sparta.csv, 1000000 
datasets\packet_features\sparta.csv, 1000000 
datasets\packet_features\sparta.csv, 1000000 
datasets\packet_features\sparta.csv, 1000000 
datasets\packet_features\sparta.csv, 1000000 
datasets\packet_features\sparta.csv, 1000000 
datasets\packet_features\sparta.csv, 1000000 
datasets\packet_features\sparta.csv, 1000000 
datasets\packet_features\sparta.csv, 1000000 
datasets\packet_features\sparta.csv, 1000000 
datasets\packet_features\sparta.csv, 1000000 
datasets\packet_features\sparta.csv, 1000000 
datasets\packet_features\sparta.csv, 1000000 
datasets\packet_features\sparta.csv, 1000000 
datasets\packet_features\sparta.csv, 1000000 
datasets\packet_features\sparta.csv, 1000000 
datasets\packet_features\sparta.csv, 1000000 
datasets\packet_features\sparta.csv, 1000000 
datasets\packet_features\sparta.csv, 1000000 
datasets\packet_features\sparta.csv, 676140 
all, datasets\packet_features\sparta.csv, 19728943 
processed, datasets\packet_features\sparta.csv, 19728943 
Start, 295932, End, 345253 
slice, datasets\packet_features\sparta.csv, 49321 
datasets\packet_features\mqtt_bruteforce.csv, 1000000 
datasets\packet_features\mqtt_bruteforce.csv, 1000000 
datasets\packet_features\mqtt_bruteforce.csv, 1000000 
datasets\packet_features\mqtt_bruteforce.csv, 1000000 
datasets\packet_features\mqtt_bruteforce.csv, 1000000 
datasets\packet_features\mqtt_bruteforce.csv, 1000000 
datasets\packet_features\mqtt_bruteforce.csv, 1000000 
datasets\packet_features\mqtt_bruteforce.csv, 1000000 
datasets\packet_features\mqtt_bruteforce.csv, 1000000 
datasets\packet_features\mqtt_bruteforce.csv, 1000000 
datasets\packet_features\mqtt_bruteforce.csv, 45316 
all, datasets\packet_features\mqtt_bruteforce.csv, 10013142 
processed, datasets\packet_features\mqtt_bruteforce.csv, 10013142 
Start, 300390, End, 350454 
slice, datasets\packet_features\mqtt_bruteforce.csv, 50064 
